{
  "loss": [
    149.69764709472656,
    68.37761688232422,
    67.74153137207031,
    67.4615707397461,
    67.29338836669922,
    67.13584899902344,
    67.00475311279297,
    66.69115447998047,
    66.60536193847656,
    66.17153930664062,
    66.0669937133789,
    65.80365753173828,
    65.58623504638672,
    65.24343872070312
  ],
  "mae": [
    9.814159393310547,
    6.688735485076904,
    6.653328895568848,
    6.64230489730835,
    6.636703014373779,
    6.625181674957275,
    6.618833541870117,
    6.609126091003418,
    6.598758220672607,
    6.585663318634033,
    6.573988437652588,
    6.561684608459473,
    6.5499677658081055,
    6.526689529418945
  ],
  "val_loss": [
    69.63566589355469,
    66.83855438232422,
    66.55133056640625,
    66.44706726074219,
    66.47230529785156,
    66.46353149414062,
    66.59461212158203,
    66.64981842041016,
    66.64430236816406,
    66.72228240966797,
    66.8348617553711,
    66.91837310791016,
    67.09609985351562,
    67.35497283935547
  ],
  "val_mae": [
    6.742221832275391,
    6.631957054138184,
    6.626215934753418,
    6.617953300476074,
    6.619959354400635,
    6.622702598571777,
    6.618387222290039,
    6.62208890914917,
    6.6308417320251465,
    6.634235858917236,
    6.635574817657471,
    6.640363693237305,
    6.642552852630615,
    6.66530704498291
  ],
  "learning_rate": [
    0.0005000000237487257,
    0.0005000000237487257,
    0.0005000000237487257,
    0.0005000000237487257,
    0.0005000000237487257,
    0.0005000000237487257,
    0.0005000000237487257,
    0.0005000000237487257,
    0.0005000000237487257,
    0.0002500000118743628,
    0.0002500000118743628,
    0.0002500000118743628,
    0.0002500000118743628,
    0.0002500000118743628
  ]
}