MSE,RMSE,MAE,R2,MAPE
126.19711303710938,11.23374884164273,8.908148765563965,-0.23662829399108887,179668287488.0
