{
  "loss": [
    54.49151611328125,
    47.44497299194336,
    44.89040756225586,
    42.86802673339844,
    41.64472961425781,
    40.83918380737305,
    40.190731048583984,
    39.732059478759766,
    39.290382385253906,
    38.9302864074707,
    38.66585922241211,
    38.329593658447266,
    38.079132080078125,
    37.8098030090332,
    37.61788558959961,
    37.37052917480469,
    37.1610221862793,
    36.89157485961914,
    35.95152282714844,
    35.57625961303711,
    35.35480880737305,
    35.177860260009766,
    34.98295974731445
  ],
  "mae": [
    5.927061557769775,
    5.527735233306885,
    5.333163738250732,
    5.166285514831543,
    5.0602641105651855,
    4.992142200469971,
    4.935832977294922,
    4.893940448760986,
    4.857807636260986,
    4.8268256187438965,
    4.8067216873168945,
    4.779903888702393,
    4.763314247131348,
    4.743455410003662,
    4.730031490325928,
    4.712057113647461,
    4.698151111602783,
    4.681657314300537,
    4.614957809448242,
    4.588837623596191,
    4.577544212341309,
    4.563936710357666,
    4.553390026092529
  ],
  "mse": [
    54.49151611328125,
    47.44497299194336,
    44.89040756225586,
    42.86802673339844,
    41.64472961425781,
    40.83918380737305,
    40.190731048583984,
    39.732059478759766,
    39.290382385253906,
    38.9302864074707,
    38.66585922241211,
    38.329593658447266,
    38.079132080078125,
    37.8098030090332,
    37.61788558959961,
    37.37052917480469,
    37.1610221862793,
    36.89157485961914,
    35.95152282714844,
    35.57625961303711,
    35.35480880737305,
    35.177860260009766,
    34.98295974731445
  ],
  "val_loss": [
    49.304134368896484,
    46.96249008178711,
    45.049476623535156,
    43.405391693115234,
    42.79726791381836,
    42.524723052978516,
    42.085166931152344,
    41.683448791503906,
    41.793785095214844,
    41.58515930175781,
    41.581024169921875,
    41.39945602416992,
    41.35124969482422,
    42.21025466918945,
    41.926883697509766,
    41.723201751708984,
    41.55332565307617,
    41.7745361328125,
    41.73223876953125,
    42.086856842041016,
    42.08448028564453,
    42.29195022583008,
    42.55226516723633
  ],
  "val_mae": [
    5.677321910858154,
    5.504934310913086,
    5.357221603393555,
    5.226819038391113,
    5.1300249099731445,
    5.088127136230469,
    5.072764873504639,
    5.019293785095215,
    5.0202436447143555,
    5.011672019958496,
    4.987795829772949,
    4.980020046234131,
    4.968763828277588,
    5.022519111633301,
    4.998163223266602,
    4.962465763092041,
    4.962682723999023,
    4.97896146774292,
    4.956418514251709,
    4.968149662017822,
    4.969061374664307,
    4.9667487144470215,
    4.994534015655518
  ],
  "val_mse": [
    49.304134368896484,
    46.96249008178711,
    45.049476623535156,
    43.405391693115234,
    42.79726791381836,
    42.524723052978516,
    42.085166931152344,
    41.683448791503906,
    41.793785095214844,
    41.58515930175781,
    41.581024169921875,
    41.39945602416992,
    41.35124969482422,
    42.21025466918945,
    41.926883697509766,
    41.723201751708984,
    41.55332565307617,
    41.7745361328125,
    41.73223876953125,
    42.086856842041016,
    42.08448028564453,
    42.29195022583008,
    42.55226516723633
  ],
  "learning_rate": [
    0.0010000000474974513,
    0.0010000000474974513,
    0.0010000000474974513,
    0.0010000000474974513,
    0.0010000000474974513,
    0.0010000000474974513,
    0.0010000000474974513,
    0.0010000000474974513,
    0.0010000000474974513,
    0.0010000000474974513,
    0.0010000000474974513,
    0.0010000000474974513,
    0.0010000000474974513,
    0.0010000000474974513,
    0.0010000000474974513,
    0.0010000000474974513,
    0.0010000000474974513,
    0.0010000000474974513,
    0.0005000000237487257,
    0.0005000000237487257,
    0.0005000000237487257,
    0.0005000000237487257,
    0.0005000000237487257
  ]
}