MSE,RMSE,MAE,R2,MAPE
38.46384304894754,6.201922528454184,4.801538485133764,0.620626583845504,inf
