{
  "class_weights": {
    "0": 0.3923507467733602,
    "1": 4.082232805305051,
    "2": 4.847400752668766
  }
}