name,rmse,mae,r2
S1: TOUT_Ridge,0.15889576935199207,0.021547936439476778,0.9997509737059175
S1: TOUT_GradBoost,0.1909679787303982,0.07777165528700637,0.999640299004185
S2: RAW_Ridge,2.508641378584879,1.6555069605918555,0.9379277196731394
S2: RAW_GradBoost,1.1234215615416372,0.69454551350984,0.9875518146222576
S3: RAW+LAG_Ridge,2.494727107489222,1.638968640226859,0.9386143824203804
S3: RAW+LAG_GradBoost,1.1234215615416325,0.6945455135098358,0.9875518146222577
S4: TOP30_Ridge,0.16165848802090801,0.025688799058826997,0.9997422387895937
S4: TOP30_GradBoost,0.19084709281388199,0.07742142191356441,0.999640754253512
